eventId,eventName,eventDate,eventLink,eventNumTeams,eventPrize,eventLocation,eventType
7921,Liga Gamers Club 2024 Serie A June Cup,Jun 20th,/events/7921/liga-gamers-club-2024-serie-a-june-cup,2+,"$2,000",South America (Online),Online
7919,Dust2 Brasil Liga BC.Game Season 3,Jun 17th,/events/7919/dust2-brasil-liga-bcgame-season-3,6+,"$10,740",South America (Online),Online
7918,ESL Impact Spring 2024 Cash Cup 5 Europe,Jun 16th,/events/7918/esl-impact-spring-2024-cash-cup-5-europe,2+,"$1,000",Europe (Online),Online
7917,ESL Impact Spring 2024 Cash Cup 5 North America,Jun 16th,/events/7917/esl-impact-spring-2024-cash-cup-5-north-america,2+,"$1,000",North America (Online),Online
7916,DreamHack Summer 2024,Jun 16th,/events/7916/dreamhack-summer-2024,2+,"$7,139","Jönköping, Sweden",Local LAN
7915,ESL Impact Spring 2024 Cash Cup 5 South America,Jun 15th,/events/7915/esl-impact-spring-2024-cash-cup-5-south-america,2+,"$1,000",South America (Online),Online
7914,United21 League Season 16,Jun 16th,/events/7914/united21-league-season-16,4+,"$10,000",Europe (Online),Online
7913,DACH Masters Season 1 Finals,Jun 15th,/events/7913/dach-masters-season-1-finals,2,"$1,350","Cologne, Germany",Local LAN
7900,Skyesports Championship 2024 Europe Closed Qualifier,Jun 12th,/events/7900/skyesports-championship-2024-europe-closed-qualifier,8,Other,Europe (Online),Online
7898,CCT Season 2 Europe Series 6 Closed Qualifier,Jun 11th,/events/7898/cct-season-2-europe-series-6-closed-qualifier,16,Other,Europe (Online),Online
7897,Regional Clash Arena CIS 2024,Jun 13th,/events/7897/regional-clash-arena-cis-2024,8+,"$60,000",Europe (Online),Online
7896,POWER Ligaen Season 26,Jun 12th,/events/7896/power-ligaen-season-26,4+,"$11,526",Denmark (Online),Online
7895,IEM Cologne 2024 Germany Open Qualifier,Jun 11th,/events/7895/iem-cologne-2024-germany-open-qualifier,2+,Other,Germany (Online),Online
7894,MÖÖ Lan 2024,Jun 8th,/events/7894/m-lan-2024,4+,"$10,077","Tallinn, Estonia",Reg. LAN
7893,1xBet FRAG Season 11,Jun 8th,/events/7893/1xbet-frag-season-11,4+,"$14,000","Tashkent, Uzbekistan",Reg. LAN
7892,SubZero E-games 2024,Jun 9th,/events/7892/subzero-e-games-2024,4+,"$13,003","Östersund, Sweden",Reg. LAN
7891,FASTCUP Aurora 2024,Jun 8th,/events/7891/fastcup-aurora-2024,4+,"$2,000",Europe (Online),Online
7890,RedZone PRO League 2024 Season 3,Jun 10th,/events/7890/redzone-pro-league-2024-season-3,2+,"$1,885",Brazil (Online),Online
7889,XP Game Fest 2024,Jun 7th,/events/7889/xp-game-fest-2024,8,"$10,876","Pristina, Kosovo",Intl. LAN
7888,Aorus League Latam 2024 Season 1 Finals,Jun 5th,/events/7888/aorus-league-latam-2024-season-1-finals,2,"$3,000","Buenos Aires, Argentina",Local LAN
7887,Regional Clash Arena South America 2024,Jun 6th,/events/7887/regional-clash-arena-south-america-2024,16,"$60,000",South America (Online),Online
7886,Regional Clash Arena Europe 2024,Jun 6th,/events/7886/regional-clash-arena-europe-2024,16,"$60,000",Europe (Online),Online
7885,CCT Season 2 North America Series 1,Jun 3rd,/events/7885/cct-season-2-north-america-series-1,24,"$20,000",North America (Online),Online
7884,RES Regional Series 5 Europe,Jun 4th,/events/7884/res-regional-series-5-europe,16,"$100,000",Europe (Online),Online
7883,Pelaajat Series Summer 2024,Jun 2nd,/events/7883/pelaajat-series-summer-2024,4+,Other,Finland (Online),Online
7882,Thunderpick World Championship 2024 NA Closed Qualifier 2,Jun 4th,/events/7882/thunderpick-world-championship-2024-na-closed-qualifier-2,16,"$25,000",North America (Online),Online
7859,UKIC League Spring 2024,May 28th,/events/7859/ukic-league-spring-2024,6+,"$2,862",United Kingdom (Online),Online
7858,LuckyCasino Stadskampen Spring 2024,May 26th,/events/7858/luckycasino-stadskampen-spring-2024,2+,"$3,720",Sweden (Online),Online
7857,ESL Impact Spring 2024 Cash Cup 4 Europe,May 26th,/events/7857/esl-impact-spring-2024-cash-cup-4-europe,2+,"$1,000",Europe (Online),Online
7856,CCT Season 2 South America Series 1,May 27th,/events/7856/cct-season-2-south-america-series-1,24,"$20,000",South America (Online),Online
7855,ESL Impact Spring 2024 Cash Cup 4 South America,May 26th,/events/7855/esl-impact-spring-2024-cash-cup-4-south-america,2+,"$1,000",South America (Online),Online
7854,Esportal Skolkampen Spring 2024,May 25th,/events/7854/esportal-skolkampen-spring-2024,4+,"$4,650","Stockholm, Sweden",Local LAN
7853,TippmixPro Masters Spring 2024 Finals,May 25th,/events/7853/tippmixpro-masters-spring-2024-finals,4,"$4,525","Budapest, Hungary",Local LAN
7852,CCT Season 2 Europe Series 5,Jun 3rd,/events/7852/cct-season-2-europe-series-5,24,"$50,000",Europe (Online),Online
7851,CCT Season 2 Europe Series 5 Closed Qualifier,Jun 1st,/events/7851/cct-season-2-europe-series-5-closed-qualifier,8+,Other,Europe (Online),Online
7850,Comic Con Baltics 2024 Finals,May 26th,/events/7850/comic-con-baltics-2024-finals,2,"$2,373","Vilnius, Lithuania",Local LAN
7849,Thunderpick World Championship 2024 NA Fe Closed Qualifier,May 26th,/events/7849/thunderpick-world-championship-2024-na-fe-closed-qualifier,4,"$5,000",North America (Online),Online
7848,Dust2 India 1xBet Masters 10,May 26th,/events/7848/dust2-india-1xbet-masters-10,4,"$1,500",India (Online),Online
7846,RES Season 7,May 25th,/events/7846/res-season-7,4,Other,Europe (Online),Online
7845,RES European Masters 2 Fall 2024 - BLAST Premier Qualifier,Jun 7th,/events/7845/res-european-masters-2-fall-2024-blast-premier-qualifier,8,Other,Europe (Online),Online
7844,RES European Masters 1 Fall 2024 - BLAST Premier Qualifier,May 31st,/events/7844/res-european-masters-1-fall-2024-blast-premier-qualifier,8,Other,Europe (Online),Online
7843,European Pro League Season 16,May 20th,/events/7843/european-pro-league-season-16,16,"$20,000",Europe (Online),Online
7842,YGames Pro Series 2024,May 20th,/events/7842/ygames-pro-series-2024,18,"$22,879",Europe (Online),Online
7841,Thunderpick World Championship 2024 NA Closed Qualifier 1,May 19th,/events/7841/thunderpick-world-championship-2024-na-closed-qualifier-1,16,"$25,000",North America (Online),Online
7840,Tradeit League FE Masters Season 3,May 18th,/events/7840/tradeit-league-fe-masters-season-3,8+,"$2,800",Europe (Online),Online
7839,Tipsport Spring Cup 2024 Finals,May 31st,/events/7839/tipsport-spring-cup-2024-finals,4,"$12,844","Prague, Czech Republic",Reg. LAN
7838,Svenska Elitserien Spring 2024 Finals,Jun 13th,/events/7838/svenska-elitserien-spring-2024-finals,4,"$22,263","Jönköping, Sweden",Local LAN
7837,CCT Season 2 Europe Series 4,May 20th,/events/7837/cct-season-2-europe-series-4,22,"$50,000",Europe (Online),Online
7836,CCT Season 2 Europe Series 4 Closed Qualifier,May 13th,/events/7836/cct-season-2-europe-series-4-closed-qualifier,16,Other,Europe (Online),Online
7835,EPL World Series Americas Season 8,May 13th,/events/7835/epl-world-series-americas-season-8,8,"$5,000",South America (Online),Online
7834,ESL Pro League Season 20 Europe Closed Qualifier,Jun 9th,/events/7834/esl-pro-league-season-20-europe-closed-qualifier,10,Other,Europe (Online),Online
7833,1xBet QRK Cup 2024,May 12th,/events/7833/1xbet-qrk-cup-2024,2,"$3,366","Astana, Kazakhstan",Local LAN
7832,RES Adriatic League Season 4,May 24th,/events/7832/res-adriatic-league-season-4,4,"$2,158",Europe (Online),Online
7831,RES Regional Series 4 Europe,May 15th,/events/7831/res-regional-series-4-europe,16,"$100,000",Europe (Online),Online
7830,NA Revival Cup 2024,May 17th,/events/7830/na-revival-cup-2024,8,"$5,000",North America (Online),Online
7829,Almaty Cyber Games Cup 2024,May 11th,/events/7829/almaty-cyber-games-cup-2024,2,"$2,900","Almaty, Kazakhstan",Local LAN
7828,United21 League Season 15,May 10th,/events/7828/united21-league-season-15,4+,"$10,000",Europe (Online),Online
7827,MAX Skills Tournament 2024,May 11th,/events/7827/max-skills-tournament-2024,4,"$7,405","Stockholm, Sweden",Local LAN
7826,European Pro League 2nd Division Season 12,May 12th,/events/7826/european-pro-league-2nd-division-season-12,6+,"$10,000",Europe (Online),Online
7825,David's Cup 2024,May 11th,/events/7825/davids-cup-2024,8,"$2,000",North America (Online),Online
7824,Good Game League Spring 2024,May 11th,/events/7824/good-game-league-spring-2024,4+,"$7,820",Norway (Online),Online
7823,Obidos Kings Cup 2024,May 11th,/events/7823/obidos-kings-cup-2024,4,"$5,387","Óbidos, Portugal",Local LAN
7822,Thunderpick World Championship 2024 SA Closed Qualifier 1,May 11th,/events/7822/thunderpick-world-championship-2024-sa-closed-qualifier-1,16,"$25,000",South America (Online),Online
7821,MESA Pro Series Finals 2024,May 17th,/events/7821/mesa-pro-series-finals-2024,4+,Other,"Ulaanbaatar, Mongolia",Local LAN
7820,La Coupe 5 Paris 2024,May 19th,/events/7820/la-coupe-5-paris-2024,4+,"$3,750","Paris, France",Local LAN
7819,ESL Impact Spring 2024 Cash Cup 3 North America,May 5th,/events/7819/esl-impact-spring-2024-cash-cup-3-north-america,2+,"$1,000",North America (Online),Online
7818,ESL Impact Spring 2024 Cash Cup 3 Europe,May 5th,/events/7818/esl-impact-spring-2024-cash-cup-3-europe,2+,"$1,000",Europe (Online),Online
7817,CBCS Season 4,May 12th,/events/7817/cbcs-season-4,16,"$20,000",South America (Online),Online
7816,CCT Season 2 Europe Series 3,May 13th,/events/7816/cct-season-2-europe-series-3,24,"$50,000",Europe (Online),Online
7815,CCT Season 2 Europe Series 3 Closed Qualifier,May 11th,/events/7815/cct-season-2-europe-series-3-closed-qualifier,8+,Other,Europe (Online),Online
7814,RES Regional Series 4 LATAM,May 5th,/events/7814/res-regional-series-4-latam,16,"$50,000",South America (Online),Online
7813,kleverr Virsliga Season 2 Finals,May 5th,/events/7813/kleverr-virsliga-season-2-finals,4,"$1,292","Riga, Latvia",Local LAN
7812,IESF World Championship 2024 Denmark Closed Qualifier,May 5th,/events/7812/iesf-world-championship-2024-denmark-closed-qualifier,4+,Other,Denmark (Online),Online
7811,MESA Pro Series Spring 2024,May 3rd,/events/7811/mesa-pro-series-spring-2024,4+,Other,"Ulaanbaatar, Mongolia",Local LAN
7810,Fragadelphia Miami 2024,Apr 28th,/events/7810/fragadelphia-miami-2024,2+,"$2,000","Miami, FL, US",Local LAN
7809,ELITE FE Cup 1,Apr 27th,/events/7809/elite-fe-cup-1,4+,"$1,070",Europe (Online),Online
7808,Dust2 India 1xBet Masters 9,Apr 29th,/events/7808/dust2-india-1xbet-masters-9,2,"$1,500",India (Online),Online
7807,InfoShow LAN Party 2024,Apr 27th,/events/7807/infoshow-lan-party-2024,2,"$1,279","Kaunas, Lithuania",Local LAN
7806,Elisa Open Finland Season 6,Apr 28th,/events/7806/elisa-open-finland-season-6,4+,"$5,359",Finland (Online),Online
7805,RES Regional Series 3 Europe,Apr 26th,/events/7805/res-regional-series-3-europe,16,"$100,000",Europe (Online),Online
7802,ESL Challenger League Season 47 North America Relegation,Jun 11th,/events/7802/esl-challenger-league-season-47-north-america-relegation,6,Other,North America (Online),Online
7801,ESL Challenger League Season 47 Europe Relegation,Jun 11th,/events/7801/esl-challenger-league-season-47-europe-relegation,12,Other,Europe (Online),Online
7799,ESEA Advanced Season 49 North America,Jun 3rd,/events/7799/esea-advanced-season-49-north-america,6+,"$19,100",North America (Online),Online
7798,ESEA Advanced Season 49 Europe,May 28th,/events/7798/esea-advanced-season-49-europe,24+,"$20,600",Europe (Online),Online
7797,ComeOn Nordic Showdown 2024,Apr 27th,/events/7797/comeon-nordic-showdown-2024,4+,"$10,620",Europe (Online),Online
7796,Hellcase Cup 9,Apr 26th,/events/7796/hellcase-cup-9,24,"$30,000",Europe (Online),Online
7795,CCT Season 2 Europe Series 2,Apr 29th,/events/7795/cct-season-2-europe-series-2,24,"$50,000",Europe (Online),Online
7794,CCT Season 2 Europe Series 2 Closed Qualifier,Apr 27th,/events/7794/cct-season-2-europe-series-2-closed-qualifier,8+,Other,Europe (Online),Online
7793,launders LAN 2024,Apr 21st,/events/7793/launders-lan-2024,4+,"$7,262","Toronto, Canada",Local LAN
7790,digitec Playground Volume 12,Apr 20th,/events/7790/digitec-playground-volume-12,2,Other,"Zurich, Switzerland",Local LAN
7789,Gamebox Festival 2024,Apr 20th,/events/7789/gamebox-festival-2024,8+,"$7,131","Herning, Denmark",Local LAN
7788,MESA Nomadic Masters Spring 2024,May 28th,/events/7788/mesa-nomadic-masters-spring-2024,8,"$100,000","Ulaanbaatar, Mongolia",Intl. LAN
7787,Ace North American Masters Fall 2024 - BLAST Premier Qualifier,Jun 6th,/events/7787/ace-north-american-masters-fall-2024-blast-premier-qualifier,8,Other,North America (Online),Online
7785,United21 League Season 14,Apr 16th,/events/7785/united21-league-season-14,4+,"$10,000",Europe (Online),Online
7784,961Gamers New Dawn Cup 2024,Apr 14th,/events/7784/961gamers-new-dawn-cup-2024,2+,"$3,000",MENA (Online),Online
7783,ESL Impact Spring 2024 Cash Cup 2 North America,Apr 14th,/events/7783/esl-impact-spring-2024-cash-cup-2-north-america,2+,"$1,000",North America (Online),Online
7782,ESL Impact Spring 2024 Cash Cup 2 Europe,Apr 14th,/events/7782/esl-impact-spring-2024-cash-cup-2-europe,2+,"$1,000",Europe (Online),Online
7781,CCT Season 2 Europe Series 1,Apr 21st,/events/7781/cct-season-2-europe-series-1,24,"$50,000",Europe (Online),Online
7780,CCT Season 2 Europe Series 1 Closed Qualifier,Apr 15th,/events/7780/cct-season-2-europe-series-1-closed-qualifier,16,Other,Europe (Online),Online
7777,RedZone PRO League 2024 Season 2,Apr 11th,/events/7777/redzone-pro-league-2024-season-2,2+,"$1,974",Brazil (Online),Online
7776,RES Regional Series 2 Europe,Apr 17th,/events/7776/res-regional-series-2-europe,16,"$100,000",Europe (Online),Online
7775,ESL Impact Spring 2024 Cash Cup 1 Europe,Apr 7th,/events/7775/esl-impact-spring-2024-cash-cup-1-europe,2+,"$1,000",Europe (Online),Online
7774,ESL Impact Spring 2024 Cash Cup 1 North America,Apr 7th,/events/7774/esl-impact-spring-2024-cash-cup-1-north-america,2+,"$1,000",North America (Online),Online
7773,European Pro League Season 15,Apr 8th,/events/7773/european-pro-league-season-15,16,"$20,000",Europe (Online),Online
7772,European Pro League Female Season 1,Apr 8th,/events/7772/european-pro-league-female-season-1,8,"$5,000",Europe (Online),Online
7771,BetBoom Dacha Belgrade 2024 South America Closed Qualifier,Apr 4th,/events/7771/betboom-dacha-belgrade-2024-south-america-closed-qualifier,8,Other,South America (Online),Online
7770,LuckyCasino Cup 2024,Apr 6th,/events/7770/luckycasino-cup-2024,8,"$9,400",Europe (Online),Online
7769,RES Regional Series 3 LATAM,Apr 6th,/events/7769/res-regional-series-3-latam,16,"$50,000",South America (Online),Online
7768,Esports World Cup 2024 MENA Closed Qualifier,Apr 18th,/events/7768/esports-world-cup-2024-mena-closed-qualifier,4,Other,MENA (Online),Online
7767,Esports World Cup 2024 Oceania Closed Qualifier,Apr 19th,/events/7767/esports-world-cup-2024-oceania-closed-qualifier,4,Other,Oceania (Online),Online
7766,Esports World Cup 2024 Oceania Open Qualifier,Apr 17th,/events/7766/esports-world-cup-2024-oceania-open-qualifier,8+,Other,Oceania (Online),Online
7765,Esports World Cup 2024 Asia Closed Qualifier,Apr 18th,/events/7765/esports-world-cup-2024-asia-closed-qualifier,4,Other,Asia (Online),Online
7764,Esports World Cup 2024 Asia Open Qualifier,Apr 16th,/events/7764/esports-world-cup-2024-asia-open-qualifier,8+,Other,Asia (Online),Online
7763,Esports World Cup 2024 South America Closed Qualifier,Apr 18th,/events/7763/esports-world-cup-2024-south-america-closed-qualifier,4,Other,South America (Online),Online
7762,Esports World Cup 2024 South America Open Qualifier,Apr 16th,/events/7762/esports-world-cup-2024-south-america-open-qualifier,16+,Other,South America (Online),Online
7761,Esports World Cup 2024 North America Closed Qualifier,Apr 18th,/events/7761/esports-world-cup-2024-north-america-closed-qualifier,4,Other,North America (Online),Online
7760,Esports World Cup 2024 North America Open Qualifier,Apr 16th,/events/7760/esports-world-cup-2024-north-america-open-qualifier,8+,Other,North America (Online),Online
7759,Esports World Cup 2024 Europe Closed Qualifier,Apr 19th,/events/7759/esports-world-cup-2024-europe-closed-qualifier,4,Other,Europe (Online),Online
7758,Esports World Cup 2024 Europe Open Qualifier,Apr 17th,/events/7758/esports-world-cup-2024-europe-open-qualifier,16+,Other,Europe (Online),Online
7757,BetBoom Dacha Belgrade 2024 Europe Closed Qualifier,Apr 2nd,/events/7757/betboom-dacha-belgrade-2024-europe-closed-qualifier,16,Other,Europe (Online),Online
7756,European Pro League 2nd Division Season 11,Apr 2nd,/events/7756/european-pro-league-2nd-division-season-11,6+,"$10,000",Europe (Online),Online
7755,BetBoom Dacha Belgrade 2024,May 14th,/events/7755/betboom-dacha-belgrade-2024,8,"$500,000","Belgrade, Serbia",Intl. LAN
7753,Tradeit League FE Masters Season 2,Apr 6th,/events/7753/tradeit-league-fe-masters-season-2,8+,"$1,500",Europe (Online),Online
7749,Thunderpick World Championship 2024 EU Closed Qualifier 1,Apr 1st,/events/7749/thunderpick-world-championship-2024-eu-closed-qualifier-1,32,"$25,000",Europe (Online),Online
7742,Global Esports Tour Rio 2024,Apr 18th,/events/7742/global-esports-tour-rio-2024,8,"$200,000","Rio de Janeiro, Brazil",Intl. LAN
7741,Bergen Games 2024 Finals,Apr 13th,/events/7741/bergen-games-2024-finals,2,"$4,786","Bergen, Norway",Local LAN
7724,ESL Challenger Jönköping 2024 Europe Closed Qualifier,Apr 2nd,/events/7724/esl-challenger-jnkping-2024-europe-closed-qualifier,8,Other,Europe (Online),Online
7711,Skyesports Masters 2024,Apr 8th,/events/7711/skyesports-masters-2024,8,"$345,000",Europe (Online),Online
7708,ESL Challenger League Season 47 Asia-Pacific,Jun 4th,/events/7708/esl-challenger-league-season-47-asia-pacific,10+,"$39,200",Asia (Online),Online
7700,Elisa Invitational Spring 2024,Apr 8th,/events/7700/elisa-invitational-spring-2024,20,"$25,000",Europe (Online),Online
7686,ESL Challenger League Season 47 Oceania,Feb 21st,/events/7686/esl-challenger-league-season-47-oceania,10,"$10,000",Oceania (Online),Online
7672,A1 Gaming League Season 8,Feb 3rd,/events/7672/a1-gaming-league-season-8,20,"$16,200",Europe (Online),Online
7671,ESL Impact League Season 5 North America,Mar 6th,/events/7671/esl-impact-league-season-5-north-america,8,"$7,800",North America (Online),Online
7670,ESL Impact League Season 5 South America,Mar 6th,/events/7670/esl-impact-league-season-5-south-america,8,"$9,700",South America (Online),Online
7669,ESL Impact League Season 5 Europe,Mar 6th,/events/7669/esl-impact-league-season-5-europe,12,"$9,500",Europe (Online),Online
7666,ESL Challenger League Season 47 South America,Feb 13th,/events/7666/esl-challenger-league-season-47-south-america,16,"$60,000",South America (Online),Online
7642,YaLLa Compass Spring 2024,Apr 1st,/events/7642/yalla-compass-spring-2024,20,"$25,000",Europe (Online),Online
7635,United21 League Season 10,Jan 18th,/events/7635/united21-league-season-10,4+,"$5,000",Europe (Online),Online
7632,KAOS Freeze Time 2024,Jan 13th,/events/7632/kaos-freeze-time-2024,2+,"$2,000","Fullerton, CA, US",Local LAN
7631,European Pro League 2nd Division Season 9,Jan 14th,/events/7631/european-pro-league-2nd-division-season-9,8+,"$10,000",Europe (Online),Online
7630,Copenhagen Gaming Week 2024,Jan 13th,/events/7630/copenhagen-gaming-week-2024,4,Other,"Copenhagen, Denmark",Intl. LAN
7623,Cyber Alliance Cup Season 3,Dec 25th,/events/7623/cyber-alliance-cup-season-3,2+,"$2,544","Tashkent, Uzbekistan",Local LAN
7622,Betswap Winter Cup 2023,Dec 26th,/events/7622/betswap-winter-cup-2023,8,"$20,000",Europe (Online),Online
7621,ESL Challenger League Season 47 North America,Feb 13th,/events/7621/esl-challenger-league-season-47-north-america,16,"$80,000",North America (Online),Online
7620,ESL Challenger League Season 47 Europe,Feb 26th,/events/7620/esl-challenger-league-season-47-europe,24,"$100,000",Europe (Online),Online
7619,PGL CS2 Major Copenhagen 2024 Europe RMR Closed Qualifier B,Jan 18th,/events/7619/pgl-cs2-major-copenhagen-2024-europe-rmr-closed-qualifier-b,16,Other,Europe (Online),Online
7614,IEM Chengdu 2024 Oceania Open Qualifier 2,Jan 17th,/events/7614/iem-chengdu-2024-oceania-open-qualifier-2,8+,Other,Oceania (Online),Online
7613,IEM Chengdu 2024 Oceania Open Qualifier 1,Jan 15th,/events/7613/iem-chengdu-2024-oceania-open-qualifier-1,8+,Other,Oceania (Online),Online
7612,IEM Chengdu 2024 South America Closed Qualifier,Jan 17th,/events/7612/iem-chengdu-2024-south-america-closed-qualifier,4,Other,South America (Online),Online
7611,IEM Chengdu 2024 South America Open Qualifier 2,Jan 15th,/events/7611/iem-chengdu-2024-south-america-open-qualifier-2,16+,Other,South America (Online),Online
7610,IEM Chengdu 2024 South America Open Qualifier 1,Jan 13th,/events/7610/iem-chengdu-2024-south-america-open-qualifier-1,16+,Other,South America (Online),Online
7609,IEM Chengdu 2024 North America Closed Qualifier,Jan 19th,/events/7609/iem-chengdu-2024-north-america-closed-qualifier,4,Other,North America (Online),Online
7608,IEM Chengdu 2024 North America Open Qualifier 2,Jan 17th,/events/7608/iem-chengdu-2024-north-america-open-qualifier-2,16+,Other,North America (Online),Online
7607,IEM Chengdu 2024 North America Open Qualifier 1,Jan 15th,/events/7607/iem-chengdu-2024-north-america-open-qualifier-1,16+,Other,North America (Online),Online
7604,IEM Chengdu 2024 Europe Open Qualifier 1,Jan 17th,/events/7604/iem-chengdu-2024-europe-open-qualifier-1,16+,Other,Europe (Online),Online
7601,ESL Challenger Jönköping 2024,Jun 14th,/events/7601/esl-challenger-jnkping-2024,8,"$100,000","Jönköping, Sweden",Intl. LAN
7600,ESL Challenger Melbourne 2024,Apr 26th,/events/7600/esl-challenger-melbourne-2024,8,"$100,000","Melbourne, Australia",Intl. LAN
7599,Amber Clutch Season 6 Finals,Dec 17th,/events/7599/amber-clutch-season-6-finals,2+,"$1,305","Vilnius, Lithuania",Local LAN
7598,ESL Impact Autumn 2023 Cash Cup 7 North America,Dec 17th,/events/7598/esl-impact-autumn-2023-cash-cup-7-north-america,2+,"$1,000",North America (Online),Online
7597,ESEA Autumn 2023 Cash Cup 7 North America,Dec 16th,/events/7597/esea-autumn-2023-cash-cup-7-north-america,8+,"$4,000",North America (Online),Online
7596,FRAG Winter Battle Cup 2023,Dec 17th,/events/7596/frag-winter-battle-cup-2023,2+,"$1,540","Tashkent, Uzbekistan",Local LAN
7594,LuckyCasino Cup 2023,Dec 17th,/events/7594/luckycasino-cup-2023,8,"$9,500","Stockholm, Sweden",Local LAN
7593,EPL World Series Americas Season 5,Dec 15th,/events/7593/epl-world-series-americas-season-5,8,"$5,000",South America (Online),Online
7592,22BET Christmas Cup 2023,Dec 18th,/events/7592/22bet-christmas-cup-2023,8,"$10,000",Europe (Online),Online
7591,Dust2 India 1xBet Masters 5,Dec 17th,/events/7591/dust2-india-1xbet-masters-5,4,"$1,500",India (Online),Online
7590,United21 League Season 9,Dec 17th,/events/7590/united21-league-season-9,4+,"$5,000",Europe (Online),Online
7588,European Pro League 2nd Division Season 8,Dec 16th,/events/7588/european-pro-league-2nd-division-season-8,8+,"$10,000",Europe (Online),Online
7587,Liga GG.BET Season 2,Dec 15th,/events/7587/liga-ggbet-season-2,6+,"$11,020",Brazil (Online),Online
7586,Intel Monsters Reloaded 2023,Dec 15th,/events/7586/intel-monsters-reloaded-2023,4,"$21,000","Istanbul, Turkey",Intl. LAN
7585,kleverr Virsliga Season 1 Finals,Dec 16th,/events/7585/kleverr-virsliga-season-1-finals,4,"$1,292","Riga, Latvia",Local LAN
7584,ESL Challenger League Season 46 North America Relegation,Dec 15th,/events/7584/esl-challenger-league-season-46-north-america-relegation,8,Other,North America (Online),Online
7583,Dubai Police Esports Tournament 2023,Dec 10th,/events/7583/dubai-police-esports-tournament-2023,2+,"$4,357","Dubai, UAE",Local LAN
7582,ESL Challenger League Season 46 NA Relegation Play-in,Dec 10th,/events/7582/esl-challenger-league-season-46-na-relegation-play-in,2,Other,North America (Online),Online
7581,Fragicago 2023,Dec 2nd,/events/7581/fragicago-2023,8+,"$10,000","Chicago, IL, US",Local LAN
7580,OLW Skolkampen Fall 2023 Finals,Dec 9th,/events/7580/olw-skolkampen-fall-2023-finals,4+,"$4,770","Stockholm, Sweden",Local LAN
7579,Dogmination Iberian Premier Cup 2023 Finals,Dec 8th,/events/7579/dogmination-iberian-premier-cup-2023-finals,2,"$3,280","Valencia, Spain",Reg. LAN
7576,Mythic Cup Winter 2023,Dec 11th,/events/7576/mythic-cup-winter-2023,8,"$5,000",North America (Online),Online
7575,ESL Impact Autumn 2023 Cash Cup 6 North America,Dec 3rd,/events/7575/esl-impact-autumn-2023-cash-cup-6-north-america,2+,"$1,000",North America (Online),Online
7574,ESEA Autumn 2023 Cash Cup 6 Europe,Dec 3rd,/events/7574/esea-autumn-2023-cash-cup-6-europe,2+,"$4,000",Europe (Online),Online
7573,ESEA Advanced Season 47 North America,Dec 7th,/events/7573/esea-advanced-season-47-north-america,6+,"$18,800",North America (Online),Online
7572,ESEA Advanced Season 47 Europe,Dec 5th,/events/7572/esea-advanced-season-47-europe,16+,"$20,600",Europe (Online),Online
7571,ESEA Autumn 2023 Cash Cup 6 North America,Dec 2nd,/events/7571/esea-autumn-2023-cash-cup-6-north-america,8+,"$4,000",North America (Online),Online
7570,Corsair Championship 2023,Dec 2nd,/events/7570/corsair-championship-2023,2+,"$3,000","Buenos Aires, Argentina",Local LAN
7569,UKIC League Fall 2023 Finals,Dec 9th,/events/7569/ukic-league-fall-2023-finals,4,"$4,874","Sheffield, UK",Local LAN
7568,MESA Pro Series Winter 2023,Dec 2nd,/events/7568/mesa-pro-series-winter-2023,2+,"$4,635","Ulaanbaatar, Mongolia",Local LAN
7566,ESL Impact League Season 5 Finals,May 31st,/events/7566/esl-impact-league-season-5-finals,8,"$123,000","Dallas, TX, US",Intl. LAN
7565,ESL Challenger League Season 47 SA Open Qualifier 2,Nov 30th,/events/7565/esl-challenger-league-season-47-sa-open-qualifier-2,8+,Other,South America (Online),Online
7564,ESL Challenger League Season 47 Oceania Open Qualifier 2,Dec 1st,/events/7564/esl-challenger-league-season-47-oceania-open-qualifier-2,4+,Other,Oceania (Online),Online
7563,La Coupe 4 Paris 2023,Dec 2nd,/events/7563/la-coupe-4-paris-2023,4+,"$3,800","Paris, France",Local LAN
7562,1xBet Club Tournament 3 Finals,Dec 2nd,/events/7562/1xbet-club-tournament-3-finals,4,"$12,000","Almaty, Kazakhstan",Reg. LAN
7561,OlyBet Baltics Cup 2023,Dec 2nd,/events/7561/olybet-baltics-cup-2023,4,"$5,000","Riga, Latvia",Reg. LAN
7560,ESL Challenger League Season 47 Oceania Open Qualifier 1,Nov 29th,/events/7560/esl-challenger-league-season-47-oceania-open-qualifier-1,4+,Other,Oceania (Online),Online
7559,ESL Challenger League Season 47 SA Open Qualifier 1,Nov 29th,/events/7559/esl-challenger-league-season-47-sa-open-qualifier-1,8+,Other,South America (Online),Online
7558,POWER Ligaen Season 24 Finals,Dec 2nd,/events/7558/power-ligaen-season-24-finals,4,"$11,761","Copenhagen, Denmark",Local LAN
7550,United21 League Season 8,Nov 27th,/events/7550/united21-league-season-8,4+,"$5,000",Europe (Online),Online
7549,DreamHack Winter 2023 BYOC,Nov 26th,/events/7549/dreamhack-winter-2023-byoc,2+,"$13,409","Jönköping, Sweden",Reg. LAN
7548,1xBet Club Tournament 3 Kazakhstan,Nov 26th,/events/7548/1xbet-club-tournament-3-kazakhstan,2+,"$1,728","Almaty, Kazakhstan",Local LAN
7547,Dust2 India 1xBet Masters 4,Nov 26th,/events/7547/dust2-india-1xbet-masters-4,4,"$1,500",India (Online),Online
7546,ESL Meisterschaft Autumn 2023 Finals,Dec 16th,/events/7546/esl-meisterschaft-autumn-2023-finals,2,"$9,987","Hannover, Germany",Local LAN
7545,ESL Meisterschaft Autumn 2023,Nov 25th,/events/7545/esl-meisterschaft-autumn-2023,3+,Other,Germany (Online),Online
7544,European Pro League Season 12,Nov 25th,/events/7544/european-pro-league-season-12,16,"$20,000",Europe (Online),Online
7543,CCT 2023 Online Finals 5,Nov 30th,/events/7543/cct-2023-online-finals-5,16,"$200,000",Europe (Online),Online
7542,ESL Polish Championship Autumn 2023,Nov 25th,/events/7542/esl-polish-championship-autumn-2023,4+,"$12,377",Poland (Online),Online
7541,RES Adriatic League Season 3,Nov 23rd,/events/7541/res-adriatic-league-season-3,6+,"$4,634",Europe (Online),Online
7540,European Pro League 2nd Division Season 7,Nov 20th,/events/7540/european-pro-league-2nd-division-season-7,6+,"$10,000",Europe (Online),Online
7539,Svenska Elitserien Fall 2023 Finals,Dec 9th,/events/7539/svenska-elitserien-fall-2023-finals,2,"$3,311","Älmhult, Sweden",Local LAN
7538,Svenska Elitserien Fall 2023,Nov 21st,/events/7538/svenska-elitserien-fall-2023,4+,Other,Sweden (Online),Online
7537,Pelaajat Series Spring 2024 Iceland Qualifier,Nov 19th,/events/7537/pelaajat-series-spring-2024-iceland-qualifier,2+,Other,Iceland (Online),Online
7536,InfinBank Club Tournament 3 Uzbekistan,Nov 19th,/events/7536/infinbank-club-tournament-3-uzbekistan,2+,"$1,629","Tashkent, Uzbekistan",Local LAN
7535,AOC XL Clash 2023,Nov 26th,/events/7535/aoc-xl-clash-2023,2,"$5,443","Matosinhos, Portugal",Intl. LAN
7534,Master League Portugal XII Finals,Nov 24th,/events/7534/master-league-portugal-xii-finals,4,"$12,493","Matosinhos, Portugal",Local LAN
7533,ESEA Autumn 2023 Cash Cup 5 Europe,Nov 19th,/events/7533/esea-autumn-2023-cash-cup-5-europe,4+,"$4,000",Europe (Online),Online
7532,ESL Impact Autumn 2023 Cash Cup 5 Europe,Nov 19th,/events/7532/esl-impact-autumn-2023-cash-cup-5-europe,2+,"$1,000",Europe (Online),Online
7531,Europebet Cup 2023 Finals,Nov 18th,/events/7531/europebet-cup-2023-finals,2+,"$5,544","Tbilisi, Georgia",Local LAN
7530,Gamers Club Women Masters VIII,Nov 16th,/events/7530/gamers-club-women-masters-viii,4+,"$11,000",South America (Online),Online
7529,CBCS Invitational 2023,Nov 23rd,/events/7529/cbcs-invitational-2023,8,"$50,000",South America (Online),Online
7527,PARI Please 2023,Nov 16th,/events/7527/pari-please-2023,8,"$100,000","Belgrade, Serbia",Intl. LAN
7526,Polish Esport League 2023 Split 4 Finals,Dec 2nd,/events/7526/polish-esport-league-2023-split-4-finals,2,"$24,108","Warsaw, Poland",Local LAN
7525,Polish Esport League 2023 Split 4,Nov 14th,/events/7525/polish-esport-league-2023-split-4,6,"$12,052",Poland (Online),Online
7523,EPL World Series Americas Season 4,Nov 12th,/events/7523/epl-world-series-americas-season-4,8,"$5,000",South America (Online),Online
7522,HardPlay Cup 8,Nov 11th,/events/7522/hardplay-cup-8,8+,"$7,500",Europe (Online),Online
7521,A1 Adria League Season 12 Finals,Nov 11th,/events/7521/a1-adria-league-season-12-finals,2,"$7,998","Zagreb, Croatia",Reg. LAN
7520,OMEN Retake Season 7,Nov 18th,/events/7520/omen-retake-season-7,4,"$10,707","Lisbon, Portugal",Local LAN
7519,LEON TEAMPLAY Season 2,Nov 12th,/events/7519/leon-teamplay-season-2,16,"$25,000",Europe (Online),Online
7518,Subway Suberior League Fall 2023 Finals,Nov 11th,/events/7518/subway-suberior-league-fall-2023-finals,4+,"$4,458","Stockholm, Sweden",Local LAN
7517,CCT Global Finals 2024,May 16th,/events/7517/cct-global-finals-2024,16,"$500,000",Europe (Online),Online
7516,CCT 2023 Online Finals 4,Nov 12th,/events/7516/cct-2023-online-finals-4,16,"$200,000",Europe (Online),Online
7515,Tipsport MCR 2023 Finals,Nov 24th,/events/7515/tipsport-mcr-2023-finals,4,"$74,193","Brno, Czech Republic",Reg. LAN
7514,Tipsport MCR 2023,Nov 9th,/events/7514/tipsport-mcr-2023,8,Other,"Prague, Czech Republic",Reg. LAN
7513,CCT Oceania Series 4,Nov 11th,/events/7513/cct-oceania-series-4,8,"$6,424",Oceania (Online),Online
7511,ESEA Autumn 2023 Cash Cup 4 Europe,Nov 5th,/events/7511/esea-autumn-2023-cash-cup-4-europe,2+,"$4,000",Europe (Online),Online
7510,ESL Impact Autumn 2023 Cash Cup 4 South America,Nov 4th,/events/7510/esl-impact-autumn-2023-cash-cup-4-south-america,2+,"$1,000",South America (Online),Online
7509,Female Bay Cup 2023,Nov 5th,/events/7509/female-bay-cup-2023,4+,"$2,193","Hamburg, Germany",Intl. LAN
7508,United21 League Season 7,Nov 4th,/events/7508/united21-league-season-7,4+,"$5,000",Europe (Online),Online
7507,Polish Esport League 2023 Split 3,Nov 3rd,/events/7507/polish-esport-league-2023-split-3,6+,"$16,748",Poland (Online),Online
7506,DreamHack Hyderabad Invitational 2023,Nov 5th,/events/7506/dreamhack-hyderabad-invitational-2023,4+,"$6,006","Hyderabad, India",Local LAN
7505,Good Game League Fall 2023 Finals,Nov 19th,/events/7505/good-game-league-fall-2023-finals,2,"$12,204","Oslo, Norway",Local LAN
7504,Good Game League Fall 2023,Nov 4th,/events/7504/good-game-league-fall-2023,4+,Other,Norway (Online),Online
7503,MESA Pro Series Fall 2023,Nov 3rd,/events/7503/mesa-pro-series-fall-2023,4+,"$5,576","Ulaanbaatar, Mongolia",Local LAN
7502,ESEA Autumn 2023 Cash Cup 3 Europe,Oct 29th,/events/7502/esea-autumn-2023-cash-cup-3-europe,2+,"$4,000",Europe (Online),Online
7501,Intel epic40,Oct 28th,/events/7501/intel-epic40,4+,"$4,196","Kettering, UK",Local LAN
7500,BetBoom Dacha 2023 Closed Qualifier,Nov 11th,/events/7500/betboom-dacha-2023-closed-qualifier,8,Other,Europe (Online),Online
7499,BetBoom Dacha 2023,Dec 5th,/events/7499/betboom-dacha-2023,8,"$300,000","Dubai, UAE",Intl. LAN
7498,Beske Bes 1хBet Cyber Championship 2023 Finals,Oct 28th,/events/7498/beske-bes-1bet-cyber-championship-2023-finals,4,"$10,130","Astana, Kazakhstan",Local LAN
7497,CCT East Europe Series 4 Closed Qualifier,Oct 29th,/events/7497/cct-east-europe-series-4-closed-qualifier,16,Other,Europe (Online),Online
7496,CCT Oceania Series 3,Oct 28th,/events/7496/cct-oceania-series-3,8,"$6,289",Oceania (Online),Online
7495,CCT East Europe Series 4,Nov 5th,/events/7495/cct-east-europe-series-4,24,"$50,000",Europe (Online),Online
7494,Finnish Esports League Season 11,Oct 24th,/events/7494/finnish-esports-league-season-11,2+,"$1,601",Finland (Online),Online
7493,Skyesports Championship 5.0 Europe Closed Qualifier,Oct 23rd,/events/7493/skyesports-championship-50-europe-closed-qualifier,4,Other,Europe (Online),Online
7492,CBCS 2023 Season 3,Oct 25th,/events/7492/cbcs-2023-season-3,16,"$20,000",South America (Online),Online
7491,ESL Impact Autumn 2023 Cash Cup 2 South America,Oct 21st,/events/7491/esl-impact-autumn-2023-cash-cup-2-south-america,2+,"$1,000",South America (Online),Online
7490,ESEA Autumn 2023 Cash Cup 2 Europe,Oct 22nd,/events/7490/esea-autumn-2023-cash-cup-2-europe,4+,"$4,000",Europe (Online),Online
7489,CCT Central Europe Series 8 Closed Qualifier,Oct 22nd,/events/7489/cct-central-europe-series-8-closed-qualifier,16,Other,Europe (Online),Online
7487,Copa BetBoom 2023,Oct 21st,/events/7487/copa-betboom-2023,16,"$40,000",South America (Online),Online
7485,BLAST Premier Spring Final 2024,Jun 12th,/events/7485/blast-premier-spring-final-2024,8,"$425,000","London, United Kingdom",Intl. LAN
7484,European Pro League Season 11,Oct 20th,/events/7484/european-pro-league-season-11,16,"$20,000",Europe (Online),Online
7483,IEM Chengdu 2024 China Closed Qualifier,Nov 3rd,/events/7483/iem-chengdu-2024-china-closed-qualifier,4,Other,"Shanghai, China",Local LAN
7482,IEM China 2024 China Open Qualifier 2,Oct 26th,/events/7482/iem-china-2024-china-open-qualifier-2,4+,Other,China (Online),Online
7481,IEM China 2024 China Open Qualifier 1,Oct 24th,/events/7481/iem-china-2024-china-open-qualifier-1,4+,Other,China (Online),Online
7480,YaLLa Compass Fall 2023 Contenders,Oct 16th,/events/7480/yalla-compass-fall-2023-contenders,16,Other,Europe (Online),Online
7479,YaLLa Compass Fall 2023,Nov 13th,/events/7479/yalla-compass-fall-2023,20,"$25,000",Europe (Online),Online
7478,Argentina Game Show 2023,Oct 15th,/events/7478/argentina-game-show-2023,4+,"$6,000","Buenos Aires, Argentina",Local LAN
7477,Dust2 India 1xBet Masters 3,Oct 15th,/events/7477/dust2-india-1xbet-masters-3,4,"$1,500",India (Online),Online
7476,KosICT CS2 Championship 2023,Oct 14th,/events/7476/kosict-cs2-championship-2023,4,"$3,162","Pristina, Kosovo",Local LAN
7475,YaLLa Compass 2024,Jun 5th,/events/7475/yalla-compass-2024,12,"$400,000","Abu Dhabi, UAE",Intl. LAN
7474,Brasil Game Show 2023 Women Finals,Oct 12th,/events/7474/brasil-game-show-2023-women-finals,2,"$6,000","São Paulo, Brazil",Local LAN
7473,Brasil Game Show 2023,Oct 14th,/events/7473/brasil-game-show-2023,4,"$6,000","São Paulo, Brazil",Local LAN
7472,SteelSeries Invitational CS2 Legends 2023,Oct 15th,/events/7472/steelseries-invitational-cs2-legends-2023,4,"$12,000",Europe (Online),Online
7471,Svenska Cupen 2023,Dec 1st,/events/7471/svenska-cupen-2023,6,"$45,728","Stockholm, Sweden",Local LAN
7470,Buster CS2 League 2023,Oct 14th,/events/7470/buster-cs2-league-2023,4+,"$25,000",Russia (Online),Online
7469,ESL Challenger Atlanta 2023 Asia Closed Qualifier,Nov 17th,/events/7469/esl-challenger-atlanta-2023-asia-closed-qualifier,4,Other,Asia (Online),Online
7468,ESL Challenger Atlanta 2023 Asia Open Qualifier,Nov 15th,/events/7468/esl-challenger-atlanta-2023-asia-open-qualifier,8+,Other,Asia (Online),Online
7467,ESL Challenger Atlanta 2023 North America Closed Qualifier,Nov 15th,/events/7467/esl-challenger-atlanta-2023-north-america-closed-qualifier,4,Other,North America (Online),Online
7466,ESL Challenger Atlanta 2023 North America Open Qualifier,Nov 13th,/events/7466/esl-challenger-atlanta-2023-north-america-open-qualifier,8+,Other,North America (Online),Online
7465,ESL Challenger Atlanta 2023 Europe Closed Qualifier,Nov 16th,/events/7465/esl-challenger-atlanta-2023-europe-closed-qualifier,8,Other,Europe (Online),Online
7464,ESL Challenger Atlanta 2023 Europe Open Qualifier,Nov 14th,/events/7464/esl-challenger-atlanta-2023-europe-open-qualifier,16+,Other,Europe (Online),Online
7463,ESL Challenger Atlanta 2023 South America Closed Qualifier,Oct 23rd,/events/7463/esl-challenger-atlanta-2023-south-america-closed-qualifier,4,Other,South America (Online),Online
7462,ESL Challenger Atlanta 2023 South America Open Qualifier,Oct 21st,/events/7462/esl-challenger-atlanta-2023-south-america-open-qualifier,16+,Other,South America (Online),Online
7461,European Pro League 2nd Division Season 6,Oct 9th,/events/7461/european-pro-league-2nd-division-season-6,8+,"$10,000",Europe (Online),Online
7460,Tipsport Prague Cup Fall 2023 Finals,Oct 13th,/events/7460/tipsport-prague-cup-fall-2023-finals,4,"$18,610","Prague, Czech Republic",Reg. LAN
7459,A1 Gaming League Season 7,Oct 7th,/events/7459/a1-gaming-league-season-7,20,"$16,200",Europe (Online),Online
7458,Aveiro TechDays Cup 2023,Oct 6th,/events/7458/aveiro-techdays-cup-2023,7,"$10,525","Aveiro, Portugal",Reg. LAN
7457,United21 League Season 6,Oct 6th,/events/7457/united21-league-season-6,4+,"$5,000",Europe (Online),Online
7456,Winline Insight Season 4,Oct 5th,/events/7456/winline-insight-season-4,6+,"$10,202",Europe (Online),Online
7455,ESL Impact League Season 4 Asia-Pacific Open Qualifier,Oct 8th,/events/7455/esl-impact-league-season-4-asia-pacific-open-qualifier,2+,Other,Asia-Pacific (Online),Online
7454,CCT South America Series 12,Oct 2nd,/events/7454/cct-south-america-series-12,24,"$25,000",South America (Online),Online
7453,DEPO Cup 2023,Oct 1st,/events/7453/depo-cup-2023,2+,"$1,895","Tashkent, Uzbekistan",Local LAN
7452,CCT East Europe Series 3 Closed Qualifier,Oct 1st,/events/7452/cct-east-europe-series-3-closed-qualifier,16,Other,Europe (Online),Online
7451,CCT East Europe Series 3,Oct 14th,/events/7451/cct-east-europe-series-3,24,"$50,000",Europe (Online),Online
7450,Skyesports Souvenir 2023,Sep 30th,/events/7450/skyesports-souvenir-2023,2+,"$3,500",Asia (Online),Online
7448,MängudeÖÖ Estonia vs Finland Cup 2023,Sep 30th,/events/7448/mngude-estonia-vs-finland-cup-2023,2,"$3,195","Tallinn, Estonia",Reg. LAN
7447,MEO XL Cup 2023,Sep 30th,/events/7447/meo-xl-cup-2023,4,"$10,590","Portimão, Portugal",Intl. LAN
7446,Esportal Clash Open 2023,Oct 7th,/events/7446/esportal-clash-open-2023,4,"$10,000",Europe (Online),Online
7445,Swisscom Hero League Fall 2023 Finals,Oct 14th,/events/7445/swisscom-hero-league-fall-2023-finals,2,"$5,867","Bern, Switzerland",Local LAN
7444,Swisscom Hero League Fall 2023,Sep 26th,/events/7444/swisscom-hero-league-fall-2023,4+,Other,Switzerland (Online),Online
7443,Game Arena Cup Season 1,Oct 30th,/events/7443/game-arena-cup-season-1,16,"$10,000",South America (Online),Online
7442,HardPlay Cup 7,Sep 23rd,/events/7442/hardplay-cup-7,8+,"$7,200",Europe (Online),Online
7440,ESL Pro League Season 19,Apr 23rd,/events/7440/esl-pro-league-season-19,32,"$750,000",Malta,Intl. LAN
7438,IEM Dallas 2024,May 27th,/events/7438/iem-dallas-2024,16,"$250,000","Dallas, TX, US",Intl. LAN
7437,IEM Chengdu 2024,Apr 8th,/events/7437/iem-chengdu-2024,16,"$250,000","Chengdu, China",Intl. LAN
7434,CCT Oceania Series 2,Sep 23rd,/events/7434/cct-oceania-series-2,8,"$6,459",Oceania (Online),Online
7433,Telkom VS Gaming Masters 2023,Sep 24th,/events/7433/telkom-vs-gaming-masters-2023,4+,"$13,781","Johannesburg, South Africa",Local LAN
7432,ESL Impact Summer 2023 Cash Cup 6 North America,Sep 17th,/events/7432/esl-impact-summer-2023-cash-cup-6-north-america,2+,"$1,000",North America (Online),Online
7431,RedZone PRO League 2023 Season 6,Sep 19th,/events/7431/redzone-pro-league-2023-season-6,4+,"$2,034",Brazil (Online),Online
7430,EVNIA Open 2023,Sep 23rd,/events/7430/evnia-open-2023,4,"$8,966","Gothenburg, Sweden",Local LAN
7429,ESL Impact Summer 2023 Cash Cup 6 South America,Sep 16th,/events/7429/esl-impact-summer-2023-cash-cup-6-south-america,2+,"$1,000",South America (Online),Online
7428,ESEA Summer 2023 Cash Cup 1 North America,Sep 16th,/events/7428/esea-summer-2023-cash-cup-1-north-america,8+,"$15,000",North America (Online),Online
7427,ESL Impact Summer 2023 Cash Cup 6 Europe,Sep 17th,/events/7427/esl-impact-summer-2023-cash-cup-6-europe,2+,"$1,000",Europe (Online),Online
7426,GameZone Cup 2023,Sep 16th,/events/7426/gamezone-cup-2023,2+,"$1,803","Örkelljunga, Sweden",Reg. LAN
7425,Dust2 India 1xBet Masters 2,Sep 17th,/events/7425/dust2-india-1xbet-masters-2,2+,"$1,500",India (Online),Online
7424,CCT 2023 Online Finals 3,Sep 18th,/events/7424/cct-2023-online-finals-3,16,"$200,000",Europe (Online),Online
7423,ESL Challenger Jönköping 2023 Asia Closed Qualifier,Oct 28th,/events/7423/esl-challenger-jnkping-2023-asia-closed-qualifier,4,Other,Asia (Online),Online
7422,ESL Challenger Jönköping 2023 Asia Open Qualifier,Oct 11th,/events/7422/esl-challenger-jnkping-2023-asia-open-qualifier,8+,Other,Asia (Online),Online
7421,ESL Challenger Jönköping 2023 South America Closed Qualifier,Oct 19th,/events/7421/esl-challenger-jnkping-2023-south-america-closed-qualifier,4,Other,South America (Online),Online
7420,ESL Challenger Jönköping 2023 South America Open Qualifier,Oct 11th,/events/7420/esl-challenger-jnkping-2023-south-america-open-qualifier,16+,Other,South America (Online),Online
7419,ESL Challenger Jönköping 2023 North America Closed Qualifier,Oct 10th,/events/7419/esl-challenger-jnkping-2023-north-america-closed-qualifier,4,Other,North America (Online),Online
7418,ESL Challenger Jönköping 2023 North America Open Qualifier,Oct 3rd,/events/7418/esl-challenger-jnkping-2023-north-america-open-qualifier,8+,Other,North America (Online),Online
7417,ESL Challenger Jönköping 2023 Europe Closed Qualifier,Oct 9th,/events/7417/esl-challenger-jnkping-2023-europe-closed-qualifier,8,Other,Europe (Online),Online
7416,ESL Challenger Jönköping 2023 Europe Open Qualifier,Oct 3rd,/events/7416/esl-challenger-jnkping-2023-europe-open-qualifier,16+,Other,Europe (Online),Online
7415,CBCS 2023 Season 2,Sep 13th,/events/7415/cbcs-2023-season-2,16,"$20,000",South America (Online),Online
7414,PGL CS2 Major Copenhagen 2024 SA RMR Open Qualifier 2,Jan 10th,/events/7414/pgl-cs2-major-copenhagen-2024-sa-rmr-open-qualifier-2,16+,Other,South America (Online),Online
7413,PGL CS2 Major Copenhagen 2024 SA RMR Open Qualifier 1,Jan 8th,/events/7413/pgl-cs2-major-copenhagen-2024-sa-rmr-open-qualifier-1,16+,Other,South America (Online),Online
7412,PGL CS2 Major Copenhagen 2024 NA RMR Open Qualifier 2,Jan 10th,/events/7412/pgl-cs2-major-copenhagen-2024-na-rmr-open-qualifier-2,8+,Other,North America (Online),Online
7411,PGL CS2 Major Copenhagen 2024 NA RMR Open Qualifier 1,Jan 8th,/events/7411/pgl-cs2-major-copenhagen-2024-na-rmr-open-qualifier-1,8+,Other,North America (Online),Online
7409,PGL CS2 Major Copenhagen 2024 NA RMR Closed Qualifier,Jan 12th,/events/7409/pgl-cs2-major-copenhagen-2024-na-rmr-closed-qualifier,16,Other,North America (Online),Online
7408,PGL CS2 Major Copenhagen 2024 Asia RMR Open Qualifier,Jan 16th,/events/7408/pgl-cs2-major-copenhagen-2024-asia-rmr-open-qualifier,16+,Other,Asia (Online),Online
7407,PGL CS2 Major Copenhagen 2024 East Asia RMR Open Qualifier,Jan 14th,/events/7407/pgl-cs2-major-copenhagen-2024-east-asia-rmr-open-qualifier,8+,Other,Asia (Online),Online
7406,PGL CS2 Major Copenhagen 2024 Oceania RMR Open Qualifier,Jan 12th,/events/7406/pgl-cs2-major-copenhagen-2024-oceania-rmr-open-qualifier,8+,Other,Oceania (Online),Online
7405,PGL CS2 Major Copenhagen 2024 China RMR Open Qualifier,Jan 10th,/events/7405/pgl-cs2-major-copenhagen-2024-china-rmr-open-qualifier,8+,Other,China (Online),Online
7404,PGL CS2 Major Copenhagen 2024 ZA RMR Open Qualifier,Jan 8th,/events/7404/pgl-cs2-major-copenhagen-2024-za-rmr-open-qualifier,4+,Other,South Africa (Online),Online
7403,PGL CS2 Major Copenhagen 2024 GCC RMR Open Qualifier,Jan 8th,/events/7403/pgl-cs2-major-copenhagen-2024-gcc-rmr-open-qualifier,4+,Other,Middle East (Online),Online
7402,PGL CS2 Major Copenhagen 2024 Middle East RMR Open Qualifier,Jan 8th,/events/7402/pgl-cs2-major-copenhagen-2024-middle-east-rmr-open-qualifier,4+,Other,Middle East (Online),Online
7397,PGL CS2 Major Copenhagen 2024 China RMR Closed Qualifier,Jan 19th,/events/7397/pgl-cs2-major-copenhagen-2024-china-rmr-closed-qualifier,8,Other,China (Online),Online
7396,PGL CS2 Major Copenhagen 2024 Europe RMR Open Qualifier 4,Jan 14th,/events/7396/pgl-cs2-major-copenhagen-2024-europe-rmr-open-qualifier-4,32+,Other,Europe (Online),Online
7395,PGL CS2 Major Copenhagen 2024 Europe RMR Open Qualifier 3,Jan 12th,/events/7395/pgl-cs2-major-copenhagen-2024-europe-rmr-open-qualifier-3,32+,Other,Europe (Online),Online
7394,PGL CS2 Major Copenhagen 2024 Europe RMR Open Qualifier 2,Jan 10th,/events/7394/pgl-cs2-major-copenhagen-2024-europe-rmr-open-qualifier-2,32+,Other,Europe (Online),Online
7393,PGL CS2 Major Copenhagen 2024 Europe RMR Open Qualifier 1,Jan 8th,/events/7393/pgl-cs2-major-copenhagen-2024-europe-rmr-open-qualifier-1,32+,Other,Europe (Online),Online
7392,PGL CS2 Major Copenhagen 2024 Europe RMR Closed Qualifier A,Jan 18th,/events/7392/pgl-cs2-major-copenhagen-2024-europe-rmr-closed-qualifier-a,16,Other,Europe (Online),Online
7390,ESL Australia & NZ Championship Season 17,Sep 13th,/events/7390/esl-australia-nz-championship-season-17,10,"$4,810",Oceania (Online),Online
7389,CCT South America Series 11,Sep 11th,/events/7389/cct-south-america-series-11,22,"$25,000",South America (Online),Online
7388,CCT North Europe Series 8 Closed Qualifier,Sep 11th,/events/7388/cct-north-europe-series-8-closed-qualifier,16,Other,Europe (Online),Online
7387,ACL Season 1,Sep 10th,/events/7387/acl-season-1,2+,"$1,600",Europe (Online),Online
7386,ESEA Advanced Season 46 North America,Sep 25th,/events/7386/esea-advanced-season-46-north-america,6+,"$18,800",North America (Online),Online
7385,ESEA Advanced Season 46 Europe,Sep 25th,/events/7385/esea-advanced-season-46-europe,16+,"$20,600",Europe (Online),Online
7383,CCT North Europe Series 8,Sep 17th,/events/7383/cct-north-europe-series-8,24,"$50,000",Europe (Online),Online
7382,CCT Oceania Series 1,Sep 9th,/events/7382/cct-oceania-series-1,8,"$6,431",Oceania (Online),Online
7381,Slovak National Championship 2023,Sep 28th,/events/7381/slovak-national-championship-2023,6,"$18,353","Nitra, Slovakia",Reg. LAN
7377,CCT East Europe Series 2,Sep 11th,/events/7377/cct-east-europe-series-2,24,"$50,000",Europe (Online),Online
7373,Pelaajat Nordic Masters Fall 2023 - BLAST Premier Qualifier,Sep 15th,/events/7373/pelaajat-nordic-masters-fall-2023-blast-premier-qualifier,8,Other,Europe (Online),Online
7371,European Pro League Season 10,Sep 1st,/events/7371/european-pro-league-season-10,16,"$20,000",Europe (Online),Online
7370,RES Eastern European Masters Fall 2023 - BLAST Premier Qualifier,Sep 15th,/events/7370/res-eastern-european-masters-fall-2023-blast-premier-qualifier,8,Other,Europe (Online),Online
7368,BLAST Premier Fall Showdown 2023 Americas,Oct 4th,/events/7368/blast-premier-fall-showdown-2023-americas,8,"$67,500",North America (Online),Online
7365,CS Asia Championships 2023,Nov 8th,/events/7365/cs-asia-championships-2023,8,"$500,000","Shanghai, China",Intl. LAN
7359,ESL Challenger League Season 46 Asia-Pacific,Dec 5th,/events/7359/esl-challenger-league-season-46-asia-pacific,10+,"$39,200",Asia (Online),Online
7357,CCT Central Europe Series 8,Oct 28th,/events/7357/cct-central-europe-series-8,24,"$50,000",Europe (Online),Online
7333,Thunderpick World Championship 2023 Europe Series 2,Sep 4th,/events/7333/thunderpick-world-championship-2023-europe-series-2,40,"$25,000",Europe (Online),Online
7303,ESL Impact League Season 4 North America,Sep 13th,/events/7303/esl-impact-league-season-4-north-america,8,"$8,900",North America (Online),Online
7302,ESL Impact League Season 4 South America,Sep 13th,/events/7302/esl-impact-league-season-4-south-america,8,"$8,900",South America (Online),Online
7301,ESL Impact League Season 4 Europe,Sep 13th,/events/7301/esl-impact-league-season-4-europe,12,"$9,200",Europe (Online),Online
7289,Thunderpick World Championship 2023,Oct 27th,/events/7289/thunderpick-world-championship-2023,16,"$500,000",Europe (Online),Online
7288,ESL Challenger League Season 46 Europe,Oct 5th,/events/7288/esl-challenger-league-season-46-europe,24,"$100,000",Europe (Online),Online
7287,ESL Challenger League Season 46 North America,Aug 15th,/events/7287/esl-challenger-league-season-46-north-america,16,"$100,000",North America (Online),Online
7250,Elisa Masters Espoo 2023,Nov 29th,/events/7250/elisa-masters-espoo-2023,8,"$200,000","Espoo, Finland",Intl. LAN
7225,Roobet Cup 2023,Oct 25th,/events/7225/roobet-cup-2023,16,"$250,000",Europe (Online),Online
7082,BLAST.tv Paris Major 2023 Challengers Europe Last Chance Qualifier,Apr 14th,/events/7082/blasttv-paris-major-2023-challengers-europe-last-chance-qualifier,6,Other,"Copenhagen, Denmark",Intl. LAN
6981,FiReLEAGUE 2024 Global Finals,Jun 14th,/events/6981/fireleague-2024-global-finals,8,"$150,000","Buenos Aires, Argentina",Intl. LAN
6980,BLAST.tv Paris Major 2023 Asia RMR,Apr 6th,/events/6980/blasttv-paris-major-2023-asia-rmr,8,Other,"Ulaanbaatar, Mongolia",Intl. LAN
6979,BLAST.tv Paris Major 2023 Americas RMR,Apr 6th,/events/6979/blasttv-paris-major-2023-americas-rmr,16,Other,"Monterrey, Mexico",Intl. LAN
6978,BLAST.tv Paris Major 2023 Europe RMR B,Apr 11th,/events/6978/blasttv-paris-major-2023-europe-rmr-b,16,Other,"Copenhagen, Denmark",Intl. LAN
6977,BLAST.tv Paris Major 2023 Europe RMR A,Apr 6th,/events/6977/blasttv-paris-major-2023-europe-rmr-a,16,Other,"Copenhagen, Denmark",Intl. LAN
6976,BLAST Premier World Final 2023,Dec 13th,/events/6976/blast-premier-world-final-2023,8,"$1,000,000","Abu Dhabi, UAE",Intl. LAN
6975,BLAST Premier Fall Final 2023,Nov 22nd,/events/6975/blast-premier-fall-final-2023,8,"$425,000","Copenhagen, Denmark",Intl. LAN
6974,BLAST Premier Fall Showdown 2023 Europe,Oct 4th,/events/6974/blast-premier-fall-showdown-2023-europe,8,"$67,500",Europe (Online),Online
6973,BLAST Premier Fall Groups 2023,Jul 13th,/events/6973/blast-premier-fall-groups-2023,12,"$177,500","Copenhagen, Denmark",Intl. LAN
6972,BLAST Premier Spring Final 2023,Jun 7th,/events/6972/blast-premier-spring-final-2023,8,"$425,000","Washington, D.C., US",Intl. LAN
6970,BLAST Premier Spring Groups 2023,Jan 19th,/events/6970/blast-premier-spring-groups-2023,12,"$177,500","Copenhagen, Denmark",Intl. LAN
6923,ESL Impact League Season 4 Finals,Dec 8th,/events/6923/esl-impact-league-season-4-finals,8,"$123,000","Valencia, Spain",Intl. LAN
6921,ESL Impact Katowice 2023,Feb 10th,/events/6921/esl-impact-katowice-2023,8,"$100,000","Katowice, Poland",Intl. LAN
6869,ESL Challenger Atlanta 2023,Dec 15th,/events/6869/esl-challenger-atlanta-2023,8,"$100,000","Atlanta, GA, US",Intl. LAN
6868,ESL Challenger Jönköping 2023,Nov 24th,/events/6868/esl-challenger-jnkping-2023,8,"$100,000","Jönköping, Sweden",Intl. LAN
6867,ESL Challenger Katowice 2023,Jun 9th,/events/6867/esl-challenger-katowice-2023,8,"$100,000","Katowice, Poland",Intl. LAN
6866,ESL Challenger Melbourne 2023,Apr 28th,/events/6866/esl-challenger-melbourne-2023,8,"$100,000","Melbourne, Australia",Intl. LAN
6865,IEM Sydney 2023,Oct 16th,/events/6865/iem-sydney-2023,16,"$250,000","Sydney, Australia",Intl. LAN
6864,IEM Rio 2023,Apr 17th,/events/6864/iem-rio-2023,16,"$250,000","Rio de Janeiro, Brazil",Intl. LAN
6863,ESL Pro League Season 18,Aug 30th,/events/6863/esl-pro-league-season-18,32,"$850,000",Malta,Intl. LAN
6861,IEM Dallas 2023,May 29th,/events/6861/iem-dallas-2023,16,"$250,000","Dallas, TX, US",Intl. LAN
6812,IEM Cologne 2023 Play-in,Jul 26th,/events/6812/iem-cologne-2023-play-in,16,Other,"Cologne, Germany",Intl. LAN
6811,IEM Cologne 2023,Jul 29th,/events/6811/iem-cologne-2023,16,"$1,000,000","Cologne, Germany",Intl. LAN
6810,IEM Katowice 2023 Play-in,Feb 1st,/events/6810/iem-katowice-2023-play-in,16,Other,"Katowice, Poland",Intl. LAN
6809,IEM Katowice 2023,Feb 4th,/events/6809/iem-katowice-2023,16,"$1,000,000","Katowice, Poland",Intl. LAN
6794,BLAST.tv Paris Major 2023 Challengers Stage,May 8th,/events/6794/blasttv-paris-major-2023-challengers-stage,16,Other,"Paris, France",Major
6793,BLAST.tv Paris Major 2023,May 13th,/events/6793/blasttv-paris-major-2023,16,"$1,250,000","Paris, France",Major
6714,IEM Road to Rio 2022 Europe RMR B,Oct 4th,/events/6714/iem-road-to-rio-2022-europe-rmr-b,16,Other,Malta,Intl. LAN
6713,IEM Road to Rio 2022 Europe RMR A,Oct 4th,/events/6713/iem-road-to-rio-2022-europe-rmr-a,16,Other,Malta,Intl. LAN
6712,IEM Road to Rio 2022 Americas RMR,Oct 5th,/events/6712/iem-road-to-rio-2022-americas-rmr,16,Other,"Stockholm, Sweden",Intl. LAN
6711,IEM Road to Rio 2022 Asia RMR,Oct 7th,/events/6711/iem-road-to-rio-2022-asia-rmr,4,Other,"Melbourne, Australia",Intl. LAN
6588,IEM Rio Major 2022 Challengers Stage,Oct 31st,/events/6588/iem-rio-major-2022-challengers-stage,16,Other,Rio de Janeiro,Major
6587,Global Esports Tour Dubai 2022,Jun 9th,/events/6587/global-esports-tour-dubai-2022,8,"$250,000","Dubai, UAE",Intl. LAN
6586,IEM Rio Major 2022,Nov 5th,/events/6586/iem-rio-major-2022,16,"$1,250,000","Rio de Janeiro, Brazil",Major
6577,ESL Impact Valencia 2022,Jul 1st,/events/6577/esl-impact-valencia-2022,8,"$100,000","Valencia, Spain",Intl. LAN
6503,IEM Cologne 2022 Play-in,Jul 5th,/events/6503/iem-cologne-2022-play-in,16,Other,"Cologne, Germany",Intl. LAN
6384,PGL Major Antwerp 2022 Challengers Stage,May 9th,/events/6384/pgl-major-antwerp-2022-challengers-stage,16,Other,"Antwerp, Belgium",Major
6382,PGL Major Antwerp 2022 Europe RMR B,Apr 21st,/events/6382/pgl-major-antwerp-2022-europe-rmr-b,16,"$85,000","Bucharest, Romania",Intl. LAN
6381,PGL Major Antwerp 2022 Europe RMR A,Apr 17th,/events/6381/pgl-major-antwerp-2022-europe-rmr-a,16,"$95,000","Bucharest, Romania",Intl. LAN
6372,PGL Major Antwerp 2022,May 14th,/events/6372/pgl-major-antwerp-2022,16,"$1,000,000","Antwerp, Belgium",Major
6349,BLAST Premier World Final 2022,Dec 14th,/events/6349/blast-premier-world-final-2022,8,"$1,000,000","Abu Dhabi, UAE",Intl. LAN
6348,BLAST Premier Fall Final 2022,Nov 23rd,/events/6348/blast-premier-fall-final-2022,8,"$425,000","Copenhagen, Denmark",Intl. LAN
6346,BLAST Premier Fall Groups 2022,Aug 19th,/events/6346/blast-premier-fall-groups-2022,12,"$177,500","Copenhagen, Denmark",Intl. LAN
6345,BLAST Premier Spring Final 2022,Jun 15th,/events/6345/blast-premier-spring-final-2022,8,"$425,000","Lisbon, Portugal",Intl. LAN
6319,ESL Challenger Rotterdam 2022,Oct 14th,/events/6319/esl-challenger-rotterdam-2022,8,"$100,000","Rotterdam, Netherlands",Intl. LAN
6318,ESL Challenger Melbourne 2022,Sep 2nd,/events/6318/esl-challenger-melbourne-2022,8,"$100,000","Melbourne, Australia",Intl. LAN
6317,ESL Challenger Valencia 2022,Jul 1st,/events/6317/esl-challenger-valencia-2022,8,"$100,000","Valencia, Spain",Intl. LAN
6219,IEM Katowice 2022 Play-in,Feb 15th,/events/6219/iem-katowice-2022-play-in,16,Other,"Katowice, Poland",Intl. LAN
6140,IEM Cologne 2022,Jul 7th,/events/6140/iem-cologne-2022,16,"$1,000,000","Cologne, Germany",Intl. LAN
